geoid,name,B16007001,"B16007001, Error",B16007002,"B16007002, Error",B16007003,"B16007003, Error",B16007004,"B16007004, Error",B16007005,"B16007005, Error",B16007006,"B16007006, Error",B16007007,"B16007007, Error",B16007008,"B16007008, Error",B16007009,"B16007009, Error",B16007010,"B16007010, Error",B16007011,"B16007011, Error",B16007012,"B16007012, Error",B16007013,"B16007013, Error",B16007014,"B16007014, Error",B16007015,"B16007015, Error",B16007016,"B16007016, Error",B16007017,"B16007017, Error",B16007018,"B16007018, Error",B16007019,"B16007019, Error"
01000US,United States,304930125,3961,53661722,6266,41689729,60552,8578949,45233,1511564,11366,1286585,9811,594895,10534,200484607,6646,154124083,133781,28468856,79756,7637637,34731,7801242,18253,2452789,24826,50783796,6127,43168540,27592,3661792,9539,1987648,15551,1639476,5740,326340,4831
04000US42,Pennsylvania,12084967,358,1955828,486,1716040,3704,118140,2303,73714,2162,33102,1352,14832,1271,7847419,725,6871141,6936,439212,3700,289516,5046,181948,2601,65602,2842,2281720,553,2117685,2413,45948,817,81565,1885,29086,771,7436,525
05000US42101,"Philadelphia County, PA",1472512,43,238998,43,185465,1812,28878,1238,9198,883,10072,682,5385,957,1021240,30,773121,3536,113061,2108,57711,2605,57362,1387,19985,1799,212274,30,172204,1169,13162,463,15389,1013,9854,337,1665,348
14000US42101000100,"Census Tract 1, Philadelphia, PA",3943,388,73,71,55,65,0,10,18,28,0,10,0,10,3487,342,3173,342,102,102,179,114,33,36,0,10,383,118,335,128,9,25,0,10,39,54,0,10
14000US42101000200,"Census Tract 2, Philadelphia, PA",2780,436,245,148,11,18,0,10,44,42,190,150,0,10,2206,353,891,235,122,119,246,163,934,371,13,15,329,84,68,45,0,10,27,43,234,85,0,10
14000US42101000300,"Census Tract 3, Philadelphia, PA",3297,280,183,77,127,73,17,27,39,37,0,10,0,10,2414,269,1897,294,63,46,265,111,119,64,70,59,700,127,582,124,9,15,19,20,90,79,0,10
14000US42101000401,"Census Tract 4.01, Philadelphia, PA",2429,261,13,18,13,18,0,10,0,10,0,10,0,10,1999,258,1496,273,79,71,234,98,153,66,37,29,417,104,316,105,8,12,21,24,72,49,0,10
14000US42101000402,"Census Tract 4.02, Philadelphia, PA",4097,393,90,58,81,63,0,10,0,10,0,10,9,18,2601,364,2096,386,57,72,294,153,91,79,63,92,1406,221,1317,215,0,10,56,49,16,25,17,26
14000US42101000500,"Census Tract 5, Philadelphia, PA",2530,349,30,33,23,31,0,10,0,10,7,10,0,10,2386,349,1772,290,187,93,124,46,161,66,142,124,114,55,59,41,0,10,0,10,55,33,0,10
14000US42101000600,"Census Tract 6, Philadelphia, PA",1181,159,53,56,19,19,0,10,0,10,0,10,34,54,1018,126,851,123,52,39,60,38,39,28,16,26,110,81,98,76,6,9,6,13,0,10,0,10
14000US42101000700,"Census Tract 7, Philadelphia, PA",3717,333,37,42,18,31,0,10,19,30,0,10,0,10,3089,323,2173,321,136,89,317,148,419,194,44,48,591,123,518,129,11,18,43,33,19,29,0,10
14000US42101000801,"Census Tract 8.01, Philadelphia, PA",1400,163,97,30,97,30,0,10,0,10,0,10,0,10,1173,159,1064,173,17,23,36,28,43,40,13,15,130,41,119,33,0,10,11,20,0,10,0,10
14000US42101000803,"Census Tract 8.03, Philadelphia, PA",2737,324,131,82,95,85,0,10,18,26,18,30,0,10,2010,260,1701,258,19,30,86,57,173,109,31,38,596,224,417,191,69,105,110,76,0,10,0,10
14000US42101000804,"Census Tract 8.04, Philadelphia, PA",4684,414,19,30,19,30,0,10,0,10,0,10,0,10,3607,444,3147,408,69,57,200,109,191,120,0,10,1058,233,957,224,48,76,53,45,0,10,0,10
14000US42101000901,"Census Tract 9.01, Philadelphia, PA",2056,216,57,59,23,27,0,10,0,10,0,10,34,54,1784,195,1383,178,40,32,134,70,164,107,63,102,215,72,152,81,0,10,63,55,0,10,0,10
14000US42101000902,"Census Tract 9.02, Philadelphia, PA",2818,277,159,134,109,95,0,10,0,10,0,10,50,84,2033,202,1723,181,63,59,97,63,90,55,60,48,626,108,339,88,0,10,61,63,226,103,0,10
14000US42101001001,"Census Tract 10.01, Philadelphia, PA",2627,191,190,78,158,66,0,10,32,47,0,10,0,10,1421,167,1316,162,11,16,66,45,28,25,0,10,1016,157,925,157,21,28,41,33,29,27,0,10
14000US42101001002,"Census Tract 10.02, Philadelphia, PA",3336,306,310,85,284,82,0,10,26,30,0,10,0,10,2368,293,2153,298,100,72,107,75,0,10,8,14,658,135,576,128,55,75,27,35,0,10,0,10
14000US42101001101,"Census Tract 11.01, Philadelphia, PA",3633,395,176,132,170,132,6,12,0,10,0,10,0,10,3016,392,2571,376,109,73,144,117,179,125,13,20,441,130,343,123,16,27,0,10,82,121,0,10
14000US42101001102,"Census Tract 11.02, Philadelphia, PA",2618,245,190,75,157,80,0,10,19,22,14,21,0,10,2287,231,1945,224,22,25,173,95,121,67,26,30,141,69,131,68,0,10,10,16,0,10,0,10
14000US42101001201,"Census Tract 12.01, Philadelphia, PA",3761,310,351,113,325,121,26,42,0,10,0,10,0,10,2895,247,2456,315,185,136,120,94,134,118,0,10,515,125,423,114,0,10,66,62,11,18,15,25
14000US42101001202,"Census Tract 12.02, Philadelphia, PA",4972,347,259,98,259,98,0,15,0,15,0,15,0,15,3871,303,3324,310,199,96,173,103,126,71,49,60,842,211,747,215,0,15,72,72,23,34,0,15
14000US42101001300,"Census Tract 13, Philadelphia, PA",6362,657,392,161,392,161,0,15,0,15,0,15,0,15,5094,582,4530,616,296,217,64,77,132,92,72,86,876,242,843,241,0,15,0,15,33,52,0,15
14000US42101001400,"Census Tract 14, Philadelphia, PA",3926,359,204,147,121,79,0,10,0,10,83,124,0,10,3056,261,2763,265,62,60,205,120,26,29,0,10,666,159,575,135,3,8,15,24,73,92,0,10
14000US42101001500,"Census Tract 15, Philadelphia, PA",3063,224,321,80,270,83,14,21,17,21,11,17,9,14,2447,194,2017,193,117,76,183,96,93,64,37,36,295,54,266,59,0,10,29,42,0,10,0,10
14000US42101001600,"Census Tract 16, Philadelphia, PA",2210,202,187,77,187,77,0,10,0,10,0,10,0,10,1860,182,1683,189,44,40,99,44,19,27,15,24,163,43,156,44,0,10,7,11,0,10,0,10
14000US42101001700,"Census Tract 17, Philadelphia, PA",2863,253,378,131,335,132,0,10,32,37,11,18,0,10,2183,194,2016,209,56,41,90,63,21,33,0,10,302,51,289,53,0,10,13,19,0,10,0,10
14000US42101001800,"Census Tract 18, Philadelphia, PA",2960,232,366,119,366,119,0,10,0,10,0,10,0,10,2302,213,2105,237,24,23,69,51,97,83,7,13,292,71,227,71,35,33,21,26,9,13,0,10
14000US42101001900,"Census Tract 19, Philadelphia, PA",3711,302,207,129,177,128,8,14,0,10,22,35,0,10,3282,278,2907,277,180,185,115,65,29,32,51,45,222,82,221,82,1,2,0,10,0,10,0,10
14000US42101002000,"Census Tract 20, Philadelphia, PA",1711,191,120,63,114,65,6,9,0,10,0,10,0,10,1338,160,1230,160,46,31,32,22,11,12,19,29,253,48,236,47,6,9,0,10,11,17,0,10
14000US42101002100,"Census Tract 21, Philadelphia, PA",2099,227,89,55,89,55,0,10,0,10,0,10,0,10,1723,202,1617,208,50,47,14,20,42,25,0,10,287,63,259,60,8,11,0,10,20,22,0,10
14000US42101002200,"Census Tract 22, Philadelphia, PA",2028,249,140,73,126,66,0,10,14,20,0,10,0,10,1726,200,1478,182,57,43,68,47,92,77,31,29,162,55,135,50,4,8,0,10,23,33,0,10
14000US42101002300,"Census Tract 23, Philadelphia, PA",2716,264,160,67,70,57,0,10,8,14,82,48,0,10,2168,227,1634,272,117,111,114,83,303,94,0,10,388,64,330,64,0,10,30,34,28,33,0,10
14000US42101002400,"Census Tract 24, Philadelphia, PA",4390,456,462,124,334,112,0,10,19,30,109,108,0,10,3537,441,2765,363,327,328,142,157,303,165,0,10,391,128,301,102,22,32,0,10,68,54,0,10
14000US42101002500,"Census Tract 25, Philadelphia, PA",3829,430,576,237,313,160,31,50,11,18,221,203,0,10,2638,292,2061,243,129,99,105,62,343,185,0,10,615,100,547,99,38,30,7,10,14,23,9,14
14000US42101002701,"Census Tract 27.01, Philadelphia, PA",3934,547,522,242,166,75,189,111,7,12,33,30,127,208,3006,427,1998,308,544,325,86,74,350,235,28,45,406,112,246,80,45,43,0,10,115,112,0,10
14000US42101002702,"Census Tract 27.02, Philadelphia, PA",4116,405,407,191,367,182,21,26,19,29,0,10,0,10,3247,323,2931,313,122,104,16,17,144,144,34,41,462,68,400,68,23,36,26,31,0,10,13,17
14000US42101002801,"Census Tract 28.01, Philadelphia, PA",4354,663,912,298,411,182,359,280,0,10,142,87,0,10,3072,498,1412,216,809,427,46,38,782,293,23,36,370,81,213,64,10,20,19,27,128,76,0,10
14000US42101002802,"Census Tract 28.02, Philadelphia, PA",5219,524,481,124,173,137,224,200,0,15,84,57,0,15,3938,499,2917,472,329,219,88,67,590,177,14,22,800,221,587,193,0,15,115,101,98,83,0,15
14000US42101002900,"Census Tract 29, Philadelphia, PA",3629,507,319,247,289,245,0,10,18,30,12,22,0,10,2669,395,2204,370,124,182,132,123,184,140,25,41,641,68,394,128,51,72,131,96,65,76,0,10
14000US42101003001,"Census Tract 30.01, Philadelphia, PA",3646,392,328,111,103,70,0,10,0,10,207,106,18,27,2843,337,1706,307,202,207,77,58,805,189,53,61,475,124,382,123,0,10,0,10,93,71,0,10
14000US42101003002,"Census Tract 30.02, Philadelphia, PA",2732,323,273,132,242,128,11,17,20,32,0,10,0,10,1967,282,1915,277,22,35,16,20,14,17,0,10,492,71,447,72,0,10,0,10,20,24,25,38
14000US42101003100,"Census Tract 31, Philadelphia, PA",4313,463,422,181,397,182,6,12,0,10,0,10,19,40,3179,367,2590,362,348,253,35,31,135,139,71,91,712,113,692,115,0,10,20,22,0,10,0,10
14000US42101003200,"Census Tract 32, Philadelphia, PA",3834,576,764,303,615,249,95,97,0,10,26,43,28,47,2563,422,2247,402,165,123,34,37,94,66,23,39,507,114,480,99,0,10,27,42,0,10,0,10
14000US42101003300,"Census Tract 33, Philadelphia, PA",5925,743,1054,381,996,368,58,88,0,15,0,15,0,15,4177,578,3611,565,389,282,0,15,177,134,0,15,694,155,573,136,0,15,0,15,121,96,0,15
14000US42101003600,"Census Tract 36, Philadelphia, PA",6722,1029,1367,542,1148,533,0,15,44,71,175,138,0,15,4264,580,3421,567,85,102,94,151,664,242,0,15,1091,196,881,201,51,74,55,57,104,94,0,15
14000US42101003701,"Census Tract 37.01, Philadelphia, PA",5576,871,791,409,738,395,0,15,0,15,53,52,0,15,4168,592,3597,557,243,212,15,25,313,194,0,15,617,131,420,233,174,207,0,15,23,32,0,15
14000US42101003702,"Census Tract 37.02, Philadelphia, PA",3948,380,837,137,508,127,38,43,35,37,182,78,74,118,2717,304,1772,225,92,85,93,62,696,282,64,55,394,108,240,80,18,29,20,22,116,81,0,10
14000US42101003800,"Census Tract 38, Philadelphia, PA",3841,321,684,117,608,133,0,10,0,10,76,70,0,10,2402,261,2036,271,28,23,142,137,163,98,33,38,755,105,696,113,0,10,15,24,44,42,0,10
14000US42101003901,"Census Tract 39.01, Philadelphia, PA",5984,617,539,207,386,192,0,15,37,69,116,110,0,15,4535,619,3245,587,58,73,289,209,471,166,472,356,910,248,716,235,38,41,45,50,111,110,0,15
14000US42101003902,"Census Tract 39.02, Philadelphia, PA",5281,464,521,231,448,216,0,15,50,53,23,39,0,15,3558,257,3072,299,47,60,333,197,53,71,53,64,1202,203,908,155,32,38,262,200,0,15,0,15
14000US42101004001,"Census Tract 40.01, Philadelphia, PA",3961,381,310,176,275,172,35,58,0,10,0,10,0,10,3053,447,2140,269,615,385,124,89,174,164,0,10,598,62,447,73,0,10,151,89,0,10,0,10
14000US42101004002,"Census Tract 40.02, Philadelphia, PA",4654,481,517,227,483,226,0,10,17,27,17,28,0,10,3273,409,2733,474,0,10,279,158,214,155,47,56,864,248,588,206,16,25,260,164,0,10,0,10
14000US42101004101,"Census Tract 41.01, Philadelphia, PA",5166,772,854,373,390,224,290,278,0,15,174,114,0,15,3714,614,1676,442,514,334,537,490,949,263,38,70,598,142,491,142,2,6,28,43,77,80,0,15
14000US42101004102,"Census Tract 41.02, Philadelphia, PA",7636,673,1428,339,658,314,312,210,145,127,313,165,0,15,5200,450,2183,471,712,305,848,401,1417,437,40,47,1008,181,640,177,0,15,172,137,196,133,0,15
14000US42101004201,"Census Tract 42.01, Philadelphia, PA",4994,431,747,148,550,155,0,15,0,15,197,64,0,15,3463,380,2942,365,86,64,39,46,396,175,0,15,784,128,641,205,0,15,123,136,20,35,0,15
14000US42101004202,"Census Tract 42.02, Philadelphia, PA",5333,525,794,217,496,216,31,50,0,15,267,58,0,15,3561,424,2848,380,197,211,39,46,477,143,0,15,978,176,729,159,43,39,23,32,183,79,0,15
14000US42101005000,"Census Tract 50, Philadelphia, PA",0,10,0,10,0,10,0,10,0,10,0,10,0,10,0,10,0,10,0,10,0,10,0,10,0,10,0,10,0,10,0,10,0,10,0,10,0,10
14000US42101005400,"Census Tract 54, Philadelphia, PA",1541,189,283,116,275,117,8,13,0,10,0,10,0,10,1015,112,844,115,30,33,25,31,93,77,23,21,243,52,200,58,37,37,0,10,0,10,6,10
14000US42101005500,"Census Tract 55, Philadelphia, PA",6109,516,897,241,751,233,0,15,0,15,96,123,50,84,4211,501,3252,495,351,258,122,102,51,64,435,346,1001,215,964,209,0,15,24,28,13,21,0,15
14000US42101005600,"Census Tract 56, Philadelphia, PA",1023,176,152,106,152,106,0,10,0,10,0,10,0,10,787,144,751,151,21,22,15,22,0,10,0,10,84,69,84,69,0,10,0,10,0,10,0,10
14000US42101006000,"Census Tract 60, Philadelphia, PA",6212,511,1296,281,1024,293,0,15,144,217,43,68,85,108,4090,370,2913,546,57,73,401,393,475,247,244,199,826,190,682,188,19,31,46,62,46,71,33,74
14000US42101006100,"Census Tract 61, Philadelphia, PA",2613,341,514,149,419,124,7,11,70,81,0,10,18,27,1725,268,1224,194,0,10,71,77,142,169,288,171,374,69,336,72,0,10,0,10,29,36,9,13
14000US42101006200,"Census Tract 62, Philadelphia, PA",4406,662,1138,387,981,343,0,10,0,10,0,10,157,172,2860,479,2345,512,47,60,120,107,172,136,176,138,408,159,292,117,0,10,57,70,18,27,41,57
14000US42101006300,"Census Tract 63, Philadelphia, PA",4137,560,860,214,846,213,0,10,0,10,14,22,0,10,2895,518,2168,413,155,186,99,76,340,185,133,127,382,116,228,84,19,37,0,10,92,54,43,44
14000US42101006400,"Census Tract 64, Philadelphia, PA",4006,596,987,284,749,287,0,10,52,57,61,63,125,96,2643,409,1880,309,4,10,177,166,152,131,430,169,376,62,279,54,39,44,10,17,0,10,48,71
14000US42101006500,"Census Tract 65, Philadelphia, PA",3982,530,740,229,706,233,0,10,0,10,0,10,34,57,2656,402,2572,394,16,26,31,38,0,10,37,44,586,107,533,104,0,10,28,28,0,10,25,31
14000US42101006600,"Census Tract 66, Philadelphia, PA",3198,569,687,265,638,274,8,14,0,10,41,41,0,10,1971,537,1526,385,27,35,246,300,162,94,10,15,540,87,452,98,0,10,29,40,59,52,0,10
14000US42101006700,"Census Tract 67, Philadelphia, PA",6653,1096,1681,722,1633,724,0,15,37,42,11,22,0,15,4424,576,3196,496,1,3,378,331,326,204,523,361,548,152,308,129,8,18,37,63,99,82,96,88
14000US42101006900,"Census Tract 69, Philadelphia, PA",3140,377,1092,252,999,258,93,73,0,10,0,10,0,10,1836,264,1782,291,54,58,0,10,0,10,0,10,212,80,199,78,0,10,0,10,13,20,0,10
14000US42101007000,"Census Tract 70, Philadelphia, PA",3347,440,699,217,596,217,79,116,0,10,0,10,24,39,2120,283,1821,284,0,10,172,133,7,13,120,139,528,90,528,90,0,10,0,10,0,10,0,10
14000US42101007101,"Census Tract 71.01, Philadelphia, PA",2451,367,440,149,434,149,0,10,0,10,6,9,0,10,1517,251,1449,259,30,28,0,10,20,28,18,23,494,117,464,119,22,28,5,10,0,10,3,5
14000US42101007102,"Census Tract 71.02, Philadelphia, PA",4281,619,727,327,700,326,27,44,0,10,0,10,0,10,2854,511,2387,484,274,264,32,43,0,10,161,149,700,105,677,97,23,36,0,10,0,10,0,10
14000US42101007200,"Census Tract 72, Philadelphia, PA",4040,391,816,227,782,212,6,7,0,10,28,45,0,10,2406,347,2244,348,38,37,0,10,114,127,10,15,818,139,776,121,0,10,0,10,0,10,42,66
14000US42101007300,"Census Tract 73, Philadelphia, PA",2718,424,397,169,397,169,0,10,0,10,0,10,0,10,2066,310,1972,360,23,38,0,10,56,75,15,26,255,107,255,107,0,10,0,10,0,10,0,10
14000US42101007400,"Census Tract 74, Philadelphia, PA",4366,615,927,441,704,341,29,42,0,10,0,10,194,309,2918,411,2657,401,41,36,75,54,38,37,107,101,521,89,496,80,25,38,0,10,0,10,0,10
14000US42101007700,"Census Tract 77, Philadelphia, PA",1856,220,78,39,45,26,0,10,17,25,13,20,3,7,1698,228,1206,211,86,50,174,94,195,68,37,35,80,48,80,48,0,10,0,10,0,10,0,10
14000US42101007800,"Census Tract 78, Philadelphia, PA",4024,495,324,126,241,105,39,44,0,10,44,69,0,10,3181,492,2697,483,155,79,157,96,144,86,28,41,519,154,512,148,0,10,0,10,7,14,0,10
14000US42101007900,"Census Tract 79, Philadelphia, PA",4176,441,399,192,370,175,18,28,11,22,0,10,0,10,3402,347,2933,375,195,122,86,57,139,92,49,77,375,112,345,109,30,32,0,10,0,10,0,10
14000US42101008000,"Census Tract 80, Philadelphia, PA",3646,567,446,229,446,229,0,10,0,10,0,10,0,10,2655,400,2283,373,183,157,10,15,66,62,113,98,545,99,492,95,5,9,9,13,0,10,39,48
14000US42101008101,"Census Tract 81.01, Philadelphia, PA",2881,424,577,156,558,147,19,34,0,10,0,10,0,10,1896,382,1787,399,18,31,91,88,0,10,0,10,408,108,408,108,0,10,0,10,0,10,0,10
14000US42101008102,"Census Tract 81.02, Philadelphia, PA",4962,719,971,355,952,352,0,15,0,15,0,15,19,33,3375,508,3182,524,45,71,37,60,0,15,111,125,616,106,611,107,0,15,0,15,0,15,5,9
14000US42101008200,"Census Tract 82, Philadelphia, PA",5328,1122,966,524,908,529,19,31,0,15,39,64,0,15,3245,701,3128,718,17,29,64,89,36,58,0,15,1117,350,1075,325,0,15,42,64,0,15,0,15
14000US42101008301,"Census Tract 83.01, Philadelphia, PA",4261,629,723,230,623,223,0,10,100,98,0,10,0,10,2452,378,2319,388,0,10,133,130,0,10,0,10,1086,251,1033,242,0,10,0,10,53,84,0,10
14000US42101008302,"Census Tract 83.02, Philadelphia, PA",4831,438,975,205,933,224,0,15,0,15,42,49,0,15,3184,378,2952,342,29,38,157,225,46,53,0,15,672,145,622,105,50,85,0,15,0,15,0,15
14000US42101008400,"Census Tract 84, Philadelphia, PA",4601,512,1203,297,1173,294,0,15,30,46,0,15,0,15,2892,348,2743,379,7,11,0,15,61,106,81,114,506,104,505,105,1,4,0,15,0,15,0,15
14000US42101008500,"Census Tract 85, Philadelphia, PA",6254,694,908,360,801,374,0,15,33,48,22,25,52,64,4443,482,3733,489,242,234,207,121,78,93,183,119,903,183,782,198,0,15,100,96,0,15,21,31
14000US42101008601,"Census Tract 86.01, Philadelphia, PA",3164,435,218,80,147,77,7,12,36,56,28,35,0,10,2535,398,1831,423,111,67,382,183,137,78,74,56,411,118,291,100,32,30,0,10,64,60,24,39
14000US42101008602,"Census Tract 86.02, Philadelphia, PA",2796,319,459,223,336,223,79,93,12,29,27,43,5,10,1864,249,1541,262,88,83,61,66,135,104,39,27,473,103,405,108,19,33,3,15,29,30,17,28
14000US42101008701,"Census Tract 87.01, Philadelphia, PA",3339,401,169,55,80,55,0,10,73,50,16,32,0,10,3021,378,1969,381,224,151,404,239,405,213,19,29,149,76,61,51,0,10,40,48,48,69,0,10
14000US42101008702,"Census Tract 87.02, Philadelphia, PA",2556,325,159,71,122,50,21,32,0,10,16,25,0,10,2249,312,1318,200,97,67,250,131,544,170,40,33,148,51,101,49,9,20,23,22,8,12,7,11
14000US42101008801,"Census Tract 88.01, Philadelphia, PA",2284,369,19,22,6,11,0,10,13,19,0,10,0,10,2265,366,1615,298,160,85,169,64,281,98,40,47,0,10,0,10,0,10,0,10,0,10,0,10
14000US42101008802,"Census Tract 88.02, Philadelphia, PA",6260,621,215,261,201,261,5,9,0,15,9,17,0,15,5975,639,4201,507,345,193,388,127,933,171,108,66,70,51,70,51,0,15,0,15,0,15,0,15
14000US42101009000,"Census Tract 90, Philadelphia, PA",6201,402,187,71,107,68,5,9,47,34,28,24,0,15,5908,403,4486,382,157,66,447,109,651,181,167,85,106,48,98,46,0,15,8,12,0,15,0,15
14000US42101009100,"Census Tract 91, Philadelphia, PA",2958,484,101,46,101,46,0,10,0,10,0,10,0,10,2218,459,1510,448,93,83,97,79,475,202,43,39,639,129,509,103,0,10,0,10,124,96,6,11
14000US42101009200,"Census Tract 92, Philadelphia, PA",3133,458,545,252,441,248,0,10,69,52,35,52,0,10,2359,347,1847,326,81,81,230,118,154,82,47,54,229,85,229,85,0,10,0,10,0,10,0,10
14000US42101009300,"Census Tract 93, Philadelphia, PA",4353,609,921,324,831,322,9,18,48,80,0,10,33,39,2957,396,2661,422,78,100,78,74,37,56,103,99,475,117,469,117,0,10,6,12,0,10,0,10
14000US42101009400,"Census Tract 94, Philadelphia, PA",3811,429,736,222,736,222,0,10,0,10,0,10,0,10,2370,308,2274,309,34,41,21,32,0,10,41,46,705,100,693,103,12,18,0,10,0,10,0,10
14000US42101009500,"Census Tract 95, Philadelphia, PA",2960,515,594,300,594,300,0,10,0,10,0,10,0,10,1926,306,1805,298,103,140,9,20,0,10,9,17,440,107,432,108,0,10,8,13,0,10,0,10
14000US42101009600,"Census Tract 96, Philadelphia, PA",4185,529,583,274,536,261,47,53,0,10,0,10,0,10,3100,396,2656,418,275,185,48,54,0,10,121,173,502,88,502,88,0,10,0,10,0,10,0,10
14000US42101009801,"Census Tract 98.01, Philadelphia, PA",2239,278,429,152,406,156,10,14,13,16,0,10,0,10,1549,183,1291,178,114,105,70,44,11,16,63,65,261,50,251,49,0,10,0,10,10,17,0,10
14000US42101009802,"Census Tract 98.02, Philadelphia, PA",6002,736,1396,401,1208,344,114,195,0,15,0,15,74,86,4083,532,3739,561,53,59,80,90,0,15,211,188,523,148,433,162,18,32,37,39,35,63,0,15
14000US42101010000,"Census Tract 100, Philadelphia, PA",4684,491,1189,286,1144,294,0,10,0,10,0,10,45,61,3161,371,2879,371,82,80,35,35,76,64,89,95,334,97,275,91,0,10,40,35,19,29,0,10
14000US42101010100,"Census Tract 101, Philadelphia, PA",6084,1149,699,346,699,346,0,15,0,15,0,15,0,15,4515,1000,4309,992,0,15,206,284,0,15,0,15,870,238,784,219,0,15,86,139,0,15,0,15
14000US42101010200,"Census Tract 102, Philadelphia, PA",3163,379,854,234,822,242,32,43,0,10,0,10,0,10,1862,293,1699,315,114,94,0,10,0,10,49,52,447,93,439,92,0,10,0,10,8,13,0,10
14000US42101010300,"Census Tract 103, Philadelphia, PA",2408,338,589,206,562,199,0,10,27,46,0,10,0,10,1513,219,1473,213,25,39,15,28,0,10,0,10,306,85,306,85,0,10,0,10,0,10,0,10
14000US42101010400,"Census Tract 104, Philadelphia, PA",3355,624,593,367,593,367,0,10,0,10,0,10,0,10,2327,383,2271,368,34,57,0,10,0,10,22,33,435,104,412,103,0,10,15,19,0,10,8,12
14000US42101010500,"Census Tract 105, Philadelphia, PA",4345,430,1136,282,1072,291,42,33,22,37,0,10,0,10,2135,231,1793,280,32,35,54,62,0,10,256,210,1074,184,1007,167,6,12,18,20,15,16,28,35
14000US42101010600,"Census Tract 106, Philadelphia, PA",1507,296,353,144,327,139,7,10,8,15,11,17,0,10,919,214,891,219,0,10,13,17,15,20,0,10,235,73,230,73,0,10,5,10,0,10,0,10
14000US42101010700,"Census Tract 107, Philadelphia, PA",3232,505,749,272,722,270,0,10,0,10,0,10,27,45,2181,358,2080,369,26,42,0,10,0,10,75,65,302,113,281,110,0,10,21,33,0,10,0,10
14000US42101010800,"Census Tract 108, Philadelphia, PA",3933,448,877,214,877,214,0,10,0,10,0,10,0,10,2687,337,2383,339,66,56,42,39,141,133,55,67,369,94,369,94,0,10,0,10,0,10,0,10
14000US42101010900,"Census Tract 109, Philadelphia, PA",2601,254,510,116,499,114,8,13,3,6,0,10,0,10,1787,204,1506,215,110,70,12,13,92,82,67,38,304,47,261,47,25,29,0,10,8,11,10,13
14000US42101011000,"Census Tract 110, Philadelphia, PA",3337,540,931,324,899,331,32,52,0,10,0,10,0,10,1949,346,1723,330,108,85,76,97,42,64,0,10,457,139,457,139,0,10,0,10,0,10,0,10
14000US42101011100,"Census Tract 111, Philadelphia, PA",3437,409,675,221,675,221,0,10,0,10,0,10,0,10,2293,304,2249,305,44,39,0,10,0,10,0,10,469,101,433,104,11,17,12,19,2,4,11,17
14000US42101011200,"Census Tract 112, Philadelphia, PA",5749,970,1906,745,1906,745,0,15,0,15,0,15,0,15,3278,457,3208,457,70,93,0,15,0,15,0,15,565,148,555,144,0,15,0,15,0,15,10,18
14000US42101011300,"Census Tract 113, Philadelphia, PA",2874,452,679,176,679,176,0,10,0,10,0,10,0,10,1683,347,1683,347,0,10,0,10,0,10,0,10,512,114,504,113,0,10,8,13,0,10,0,10
14000US42101011400,"Census Tract 114, Philadelphia, PA",6478,953,1650,573,1650,573,0,15,0,15,0,15,0,15,3791,581,3694,591,42,45,47,63,0,15,8,16,1037,264,1023,263,0,15,4,10,0,15,10,16
14000US42101011500,"Census Tract 115, Philadelphia, PA",4239,411,897,206,845,223,13,24,39,53,0,10,0,10,2879,334,2576,328,37,43,214,218,0,10,52,79,463,73,393,84,0,10,58,77,0,10,12,19
14000US42101011700,"Census Tract 117, Philadelphia, PA",1922,469,107,54,107,54,0,10,0,10,0,10,0,10,1628,481,1381,408,23,23,119,54,102,97,3,7,187,55,185,56,0,10,2,5,0,10,0,10
14000US42101011800,"Census Tract 118, Philadelphia, PA",5542,607,578,276,552,273,0,15,0,15,0,15,26,36,3730,443,3386,479,108,107,226,163,10,17,0,15,1234,271,1144,262,38,47,52,73,0,15,0,15
14000US42101011900,"Census Tract 119, Philadelphia, PA",4572,496,608,172,605,172,3,4,0,15,0,15,0,15,2978,421,2858,414,36,43,26,41,27,43,31,51,986,206,986,206,0,15,0,15,0,15,0,15
14000US42101012000,"Census Tract 120, Philadelphia, PA",1815,200,144,85,101,60,0,10,43,62,0,10,0,10,1415,191,1159,190,43,37,94,66,75,43,44,43,256,54,249,54,0,10,7,10,0,10,0,10
14000US42101012100,"Census Tract 121, Philadelphia, PA",2878,345,299,123,226,107,73,101,0,10,0,10,0,10,1812,301,1629,293,16,17,113,58,54,62,0,10,767,154,738,152,6,8,15,22,0,10,8,12
14000US42101012201,"Census Tract 122.01, Philadelphia, PA",2670,350,183,199,183,199,0,10,0,10,0,10,0,10,1805,263,1219,245,0,10,191,156,263,129,132,107,682,163,490,166,49,53,143,100,0,10,0,10
14000US42101012203,"Census Tract 122.03, Philadelphia, PA",597,173,46,72,46,72,0,10,0,10,0,10,0,10,513,124,302,129,8,13,46,42,121,62,36,41,38,43,11,13,0,10,27,41,0,10,0,10
14000US42101012204,"Census Tract 122.04, Philadelphia, PA",4088,376,425,180,306,118,20,33,17,28,0,10,82,126,2583,277,2267,265,42,38,99,85,76,60,99,91,1080,179,942,185,55,42,62,45,21,22,0,10
14000US42101012500,"Census Tract 125, Philadelphia, PA",5212,499,53,62,19,29,34,54,0,15,0,15,0,15,3989,475,2822,423,114,93,608,222,358,171,87,88,1170,266,1041,235,20,25,49,48,52,62,8,23
14000US42101013100,"Census Tract 131, Philadelphia, PA",1608,194,322,113,322,113,0,10,0,10,0,10,0,10,1102,120,971,115,23,28,9,12,99,85,0,10,184,61,184,61,0,10,0,10,0,10,0,10
14000US42101013200,"Census Tract 132, Philadelphia, PA",2593,325,445,215,359,196,10,16,0,10,76,104,0,10,1454,280,1342,286,33,33,10,15,56,53,13,21,694,170,642,172,20,25,0,10,32,37,0,10
14000US42101013300,"Census Tract 133, Philadelphia, PA",2946,260,154,67,154,67,0,10,0,10,0,10,0,10,2659,267,2214,274,94,47,150,65,132,90,69,56,133,53,133,53,0,10,0,10,0,10,0,10
14000US42101013401,"Census Tract 134.01, Philadelphia, PA",2373,218,51,50,51,50,0,10,0,10,0,10,0,10,1428,203,1240,201,10,15,95,74,65,42,18,29,894,185,826,179,20,31,48,42,0,10,0,10
14000US42101013402,"Census Tract 134.02, Philadelphia, PA",3010,292,175,87,163,94,0,10,12,18,0,10,0,10,2538,289,2112,292,135,93,230,104,41,50,20,31,297,119,212,108,41,32,44,41,0,10,0,10
14000US42101013500,"Census Tract 135, Philadelphia, PA",3737,467,385,119,360,116,18,27,0,10,7,10,0,10,2893,464,2543,427,183,128,58,39,88,75,21,25,459,79,367,60,6,10,34,43,31,47,21,30
14000US42101013601,"Census Tract 136.01, Philadelphia, PA",2683,197,182,63,182,63,0,10,0,10,0,10,0,10,2082,190,1874,199,37,43,112,65,48,48,11,17,419,66,314,65,0,10,37,30,68,58,0,10
14000US42101013602,"Census Tract 136.02, Philadelphia, PA",3609,249,412,126,316,90,23,34,58,82,15,26,0,10,2843,182,2479,218,34,30,198,124,102,74,30,30,354,39,240,73,0,10,95,71,19,21,0,10
14000US42101013700,"Census Tract 137, Philadelphia, PA",4999,712,635,329,529,307,75,117,0,15,31,49,0,15,3897,596,3564,571,173,130,59,97,89,74,12,19,467,179,467,179,0,15,0,15,0,15,0,15
14000US42101013800,"Census Tract 138, Philadelphia, PA",1912,263,288,141,264,122,24,34,0,10,0,10,0,10,1453,187,1370,186,47,59,23,27,13,25,0,10,171,37,171,37,0,10,0,10,0,10,0,10
14000US42101013900,"Census Tract 139, Philadelphia, PA",1683,309,121,95,121,95,0,10,0,10,0,10,0,10,1167,259,1039,245,59,72,60,51,9,20,0,10,395,118,348,106,47,58,0,10,0,10,0,10
14000US42101014000,"Census Tract 140, Philadelphia, PA",3716,480,568,229,541,222,0,10,0,10,27,41,0,10,2856,385,2346,372,138,127,123,83,242,136,7,11,292,75,292,75,0,10,0,10,0,10,0,10
14000US42101014100,"Census Tract 141, Philadelphia, PA",2520,529,237,133,212,126,0,10,0,10,25,39,0,10,1715,474,1522,461,44,47,13,20,136,76,0,10,568,110,391,118,90,71,23,19,64,61,0,10
14000US42101014200,"Census Tract 142, Philadelphia, PA",4861,449,279,135,279,135,0,15,0,15,0,15,0,15,4440,385,3768,414,197,133,244,220,186,132,45,73,142,74,83,62,41,54,0,15,0,15,18,29
14000US42101014300,"Census Tract 143, Philadelphia, PA",1820,165,66,37,60,37,0,10,6,11,0,10,0,10,1624,167,1464,163,15,16,103,73,42,38,0,10,130,19,118,25,0,10,12,20,0,10,0,10
14000US42101014400,"Census Tract 144, Philadelphia, PA",4051,477,391,180,320,174,60,58,0,10,0,10,11,21,3339,450,2345,276,750,485,46,51,180,104,18,33,321,122,108,80,213,79,0,10,0,10,0,10
14000US42101014500,"Census Tract 145, Philadelphia, PA",1770,255,423,117,383,109,40,28,0,10,0,10,0,10,1100,188,836,157,231,112,13,17,20,30,0,10,247,39,184,42,63,38,0,10,0,10,0,10
14000US42101014600,"Census Tract 146, Philadelphia, PA",4182,355,450,140,428,139,0,10,13,17,9,9,0,10,3170,329,2660,325,77,64,176,77,254,110,3,8,562,80,529,78,33,51,0,10,0,10,0,10
14000US42101014700,"Census Tract 147, Philadelphia, PA",2429,397,280,145,205,84,75,120,0,10,0,10,0,10,2067,350,1761,298,54,41,72,63,93,84,87,132,82,96,82,96,0,10,0,10,0,10,0,10
14000US42101014800,"Census Tract 148, Philadelphia, PA",789,241,157,107,157,107,0,10,0,10,0,10,0,10,492,165,441,151,7,9,0,10,44,69,0,10,140,47,140,47,0,10,0,10,0,10,0,10
14000US42101014900,"Census Tract 149, Philadelphia, PA",3740,707,687,442,602,429,72,118,13,20,0,10,0,10,2351,461,2042,442,167,165,24,39,30,45,88,98,702,157,702,157,0,10,0,10,0,10,0,10
14000US42101015101,"Census Tract 151.01, Philadelphia, PA",2160,399,608,295,580,288,0,10,28,35,0,10,0,10,1306,263,1260,263,27,33,19,19,0,10,0,10,246,58,246,58,0,10,0,10,0,10,0,10
14000US42101015102,"Census Tract 151.02, Philadelphia, PA",3981,639,712,331,699,331,13,24,0,10,0,10,0,10,2811,500,2693,488,11,22,0,10,69,115,38,59,458,106,447,107,0,10,0,10,11,19,0,10
14000US42101015200,"Census Tract 152, Philadelphia, PA",4774,889,1062,323,985,313,24,37,0,15,0,15,53,67,3297,657,3116,606,105,100,0,15,20,32,56,95,415,280,415,280,0,15,0,15,0,15,0,15
14000US42101015300,"Census Tract 153, Philadelphia, PA",4069,546,329,214,257,189,0,10,3,7,69,98,0,10,3557,541,3209,532,65,64,57,66,206,185,20,38,183,99,183,99,0,10,0,10,0,10,0,10
14000US42101015600,"Census Tract 156, Philadelphia, PA",1518,225,223,78,177,69,21,25,0,10,13,20,12,19,1106,167,535,141,518,135,34,24,19,20,0,10,189,49,81,43,108,41,0,10,0,10,0,10
14000US42101015700,"Census Tract 157, Philadelphia, PA",2482,318,381,138,208,91,48,42,0,10,0,10,125,89,1898,282,1106,280,543,180,37,45,0,10,212,125,203,73,113,62,90,51,0,10,0,10,0,10
14000US42101015800,"Census Tract 158, Philadelphia, PA",6401,380,611,130,611,130,0,15,0,15,0,15,0,15,5165,384,4868,394,69,67,115,80,43,69,70,111,625,183,581,184,29,48,0,15,15,23,0,15
14000US42101016000,"Census Tract 160, Philadelphia, PA",6452,588,651,215,502,228,0,15,119,125,30,51,0,15,5276,496,4784,533,132,83,189,154,142,134,29,48,525,120,484,129,0,15,21,26,20,35,0,15
14000US42101016100,"Census Tract 161, Philadelphia, PA",5663,465,621,173,501,214,56,66,0,15,64,65,0,15,4612,443,3362,372,604,241,71,55,521,182,54,60,430,94,363,75,34,52,0,15,33,38,0,15
14000US42101016200,"Census Tract 162, Philadelphia, PA",1962,287,399,140,177,92,144,87,0,10,38,43,40,54,1301,219,506,150,716,188,0,10,49,63,30,42,262,48,18,21,226,54,0,10,18,27,0,10
14000US42101016300,"Census Tract 163, Philadelphia, PA",2790,425,650,279,288,187,362,227,0,10,0,10,0,10,1872,290,596,193,1130,198,0,10,146,142,0,10,268,72,80,74,164,85,0,10,24,42,0,10
14000US42101016400,"Census Tract 164, Philadelphia, PA",4410,577,493,164,345,142,148,105,0,10,0,10,0,10,3486,529,1434,349,2041,502,0,10,0,10,11,20,431,93,146,68,285,88,0,10,0,10,0,10
14000US42101016500,"Census Tract 165, Philadelphia, PA",2781,686,800,287,752,285,38,61,10,20,0,10,0,10,1769,519,1610,505,141,132,18,32,0,10,0,10,212,99,181,94,18,29,13,24,0,10,0,10
14000US42101016600,"Census Tract 166, Philadelphia, PA",2233,492,240,178,240,178,0,10,0,10,0,10,0,10,1900,435,1732,416,121,92,25,32,5,8,17,21,93,85,93,85,0,10,0,10,0,10,0,10
14000US42101016701,"Census Tract 167.01, Philadelphia, PA",2563,481,532,299,532,299,0,10,0,10,0,10,0,10,1690,343,1620,334,4,10,66,103,0,10,0,10,341,181,341,181,0,10,0,10,0,10,0,10
14000US42101016702,"Census Tract 167.02, Philadelphia, PA",2582,354,472,164,472,164,0,10,0,10,0,10,0,10,1713,296,1642,301,50,60,13,19,8,13,0,10,397,101,397,101,0,10,0,10,0,10,0,10
14000US42101016800,"Census Tract 168, Philadelphia, PA",2819,344,401,188,332,213,69,59,0,10,0,10,0,10,2016,293,1871,300,111,87,0,10,0,10,34,45,402,93,373,100,29,47,0,10,0,10,0,10
14000US42101016901,"Census Tract 169.01, Philadelphia, PA",2896,563,254,179,227,174,0,10,27,44,0,10,0,10,2273,575,2085,511,38,57,131,207,19,37,0,10,369,87,369,87,0,10,0,10,0,10,0,10
14000US42101016902,"Census Tract 169.02, Philadelphia, PA",4214,688,1060,459,976,442,84,108,0,10,0,10,0,10,2368,346,2270,350,37,57,61,97,0,10,0,10,786,228,747,222,39,60,0,10,0,10,0,10
14000US42101017000,"Census Tract 170, Philadelphia, PA",2607,377,218,153,218,153,0,10,0,10,0,10,0,10,2100,295,1954,292,60,61,7,10,4,7,75,69,289,67,289,67,0,10,0,10,0,10,0,10
14000US42101017100,"Census Tract 171, Philadelphia, PA",3277,501,360,142,360,142,0,10,0,10,0,10,0,10,2285,466,2077,500,116,106,0,10,0,10,92,90,632,140,632,140,0,10,0,10,0,10,0,10
14000US42101017201,"Census Tract 172.01, Philadelphia, PA",2539,398,303,140,281,146,22,40,0,10,0,10,0,10,1881,347,1651,369,58,83,0,10,152,201,20,34,355,139,355,139,0,10,0,10,0,10,0,10
14000US42101017202,"Census Tract 172.02, Philadelphia, PA",3652,548,572,251,549,246,23,38,0,10,0,10,0,10,2304,394,2235,390,40,51,0,10,29,46,0,10,776,188,690,134,0,10,0,10,86,137,0,10
14000US42101017300,"Census Tract 173, Philadelphia, PA",2241,356,261,175,210,149,0,10,0,10,0,10,51,86,1473,296,1328,237,68,70,0,10,0,10,77,132,507,135,507,135,0,10,0,10,0,10,0,10
14000US42101017400,"Census Tract 174, Philadelphia, PA",2194,297,249,122,198,111,51,70,0,10,0,10,0,10,1551,237,1380,238,144,117,0,10,27,34,0,10,394,102,355,100,33,34,0,10,6,9,0,10
14000US42101017500,"Census Tract 175, Philadelphia, PA",6492,846,1437,467,663,314,748,350,0,15,26,42,0,15,4371,605,1192,400,3134,559,0,15,45,73,0,15,684,182,156,100,528,208,0,15,0,15,0,15
14000US42101017601,"Census Tract 176.01, Philadelphia, PA",4611,541,1077,297,303,176,774,310,0,10,0,10,0,10,2890,383,435,183,2451,405,0,10,4,10,0,10,644,151,178,92,466,133,0,10,0,10,0,10
14000US42101017602,"Census Tract 176.02, Philadelphia, PA",4140,450,1275,363,911,351,351,200,0,10,13,29,0,10,2633,325,770,204,1850,318,0,10,13,27,0,10,232,77,41,43,191,80,0,10,0,10,0,10
14000US42101017701,"Census Tract 177.01, Philadelphia, PA",2962,472,809,296,573,289,236,141,0,10,0,10,0,10,1975,364,1194,283,760,259,0,10,5,14,16,34,178,88,78,57,95,71,0,10,5,16,0,10
14000US42101017702,"Census Tract 177.02, Philadelphia, PA",4564,630,1145,322,594,242,551,222,0,15,0,15,0,15,3070,436,1011,232,2041,435,18,28,0,15,0,15,349,137,88,56,261,123,0,15,0,15,0,15
14000US42101017800,"Census Tract 178, Philadelphia, PA",5023,750,1346,476,1131,435,215,177,0,15,0,15,0,15,3126,473,2256,443,791,303,37,42,42,64,0,15,551,252,350,200,201,134,0,15,0,15,0,15
14000US42101017900,"Census Tract 179, Philadelphia, PA",5695,889,1430,475,1244,480,186,190,0,15,0,15,0,15,3757,703,2335,633,1206,491,178,231,22,36,16,26,508,215,423,177,23,51,62,100,0,15,0,15
14000US42101018001,"Census Tract 180.01, Philadelphia, PA",2947,346,327,112,316,109,0,10,0,10,11,16,0,10,2402,348,2164,356,76,79,162,92,0,10,0,10,218,88,207,86,0,10,11,17,0,10,0,10
14000US42101018002,"Census Tract 180.02, Philadelphia, PA",5551,495,939,222,791,236,87,132,0,15,40,65,21,36,3785,376,3400,418,74,74,222,180,89,106,0,15,827,157,576,177,43,70,182,134,26,44,0,15
14000US42101018300,"Census Tract 183, Philadelphia, PA",3796,340,543,198,514,194,0,10,29,37,0,10,0,10,2712,272,2547,293,42,55,123,77,0,10,0,10,541,78,530,79,0,10,11,17,0,10,0,10
14000US42101018400,"Census Tract 184, Philadelphia, PA",2063,174,450,80,439,84,6,11,5,11,0,10,0,10,1374,148,1316,143,43,66,15,17,0,10,0,10,239,39,178,40,4,7,57,48,0,10,0,10
14000US42101018800,"Census Tract 188, Philadelphia, PA",8054,1050,2565,627,1568,475,997,591,0,15,0,15,0,15,5088,722,3017,720,1950,407,14,21,15,25,92,140,401,175,153,101,197,119,0,15,51,79,0,15
14000US42101019000,"Census Tract 190, Philadelphia, PA",7038,671,1846,438,767,343,877,345,0,15,81,80,121,192,4760,568,1821,370,2791,475,0,15,115,97,33,53,432,86,283,106,146,119,3,6,0,15,0,15
14000US42101019100,"Census Tract 191, Philadelphia, PA",7413,693,1873,460,956,439,752,330,0,15,165,127,0,15,4696,486,1427,309,2658,436,20,31,591,226,0,15,844,234,438,146,334,196,0,15,72,82,0,15
14000US42101019200,"Census Tract 192, Philadelphia, PA",8144,895,2901,616,1517,492,1365,559,0,15,19,31,0,15,4764,563,2219,514,2300,411,0,15,211,203,34,53,479,164,212,113,186,131,20,30,61,89,0,15
14000US42101019501,"Census Tract 195.01, Philadelphia, PA",4108,388,694,184,299,178,395,162,0,10,0,10,0,10,2882,343,744,255,2138,387,0,10,0,10,0,10,532,83,71,51,461,107,0,10,0,10,0,10
14000US42101019502,"Census Tract 195.02, Philadelphia, PA",3327,495,898,274,397,213,501,237,0,10,0,10,0,10,2194,367,759,248,1435,336,0,10,0,10,0,10,235,105,32,32,203,99,0,10,0,10,0,10
14000US42101019700,"Census Tract 197, Philadelphia, PA",6527,679,1374,420,896,437,478,217,0,15,0,15,0,15,4470,755,2101,650,2369,481,0,15,0,15,0,15,683,110,368,154,315,131,0,15,0,15,0,15
14000US42101019800,"Census Tract 198, Philadelphia, PA",6421,785,1596,526,717,348,793,432,0,15,23,35,63,68,4217,543,1663,437,2362,373,0,15,177,128,15,25,608,133,170,81,346,127,0,15,92,53,0,15
14000US42101019900,"Census Tract 199, Philadelphia, PA",3940,698,833,404,699,346,134,152,0,10,0,10,0,10,2669,429,1223,376,1446,298,0,10,0,10,0,10,438,151,266,96,172,135,0,10,0,10,0,10
14000US42101020000,"Census Tract 200, Philadelphia, PA",1212,196,192,71,160,69,32,45,0,10,0,10,0,10,884,166,726,194,127,89,1,2,18,24,12,24,136,58,136,58,0,10,0,10,0,10,0,10
14000US42101020101,"Census Tract 201.01, Philadelphia, PA",3163,532,738,300,738,300,0,10,0,10,0,10,0,10,1878,351,1748,335,40,42,0,10,47,53,43,47,547,107,504,96,43,49,0,10,0,10,0,10
14000US42101020102,"Census Tract 201.02, Philadelphia, PA",3097,523,475,245,475,245,0,10,0,10,0,10,0,10,2072,436,2043,439,29,47,0,10,0,10,0,10,550,198,550,198,0,10,0,10,0,10,0,10
14000US42101020200,"Census Tract 202, Philadelphia, PA",4258,742,479,364,361,304,118,190,0,10,0,10,0,10,2953,686,2827,697,126,128,0,10,0,10,0,10,826,422,812,416,6,14,0,10,8,19,0,10
14000US42101020300,"Census Tract 203, Philadelphia, PA",2488,474,394,212,362,202,32,53,0,10,0,10,0,10,1616,358,1346,295,198,171,31,46,41,62,0,10,478,100,458,100,0,10,10,18,10,16,0,10
14000US42101020400,"Census Tract 204, Philadelphia, PA",2580,459,353,172,302,187,51,76,0,10,0,10,0,10,1731,406,1684,403,47,48,0,10,0,10,0,10,496,156,496,156,0,10,0,10,0,10,0,10
14000US42101020500,"Census Tract 205, Philadelphia, PA",2533,339,200,209,187,206,13,20,0,10,0,10,0,10,1570,252,1534,264,0,10,0,10,36,59,0,10,763,198,661,193,14,23,0,10,88,77,0,10
14000US42101020600,"Census Tract 206, Philadelphia, PA",1639,175,204,63,191,58,5,8,8,13,0,10,0,10,1168,166,874,124,119,94,113,86,41,35,21,14,267,55,239,58,0,10,28,24,0,10,0,10
14000US42101020700,"Census Tract 207, Philadelphia, PA",5415,474,302,143,277,134,0,15,12,18,13,34,0,15,4514,402,4243,384,40,35,102,78,123,118,6,13,599,220,540,214,28,45,0,15,31,50,0,15
14000US42101020800,"Census Tract 208, Philadelphia, PA",2247,290,78,43,78,43,0,10,0,10,0,10,0,10,1819,289,1504,272,31,27,111,55,169,88,4,7,350,84,307,72,30,34,13,22,0,10,0,10
14000US42101020900,"Census Tract 209, Philadelphia, PA",2840,341,121,78,114,71,0,10,7,20,0,10,0,10,2437,319,2194,318,72,40,127,80,35,43,9,15,282,77,277,79,5,8,0,10,0,10,0,10
14000US42101021000,"Census Tract 210, Philadelphia, PA",5064,428,209,92,181,79,28,46,0,15,0,15,0,15,4199,397,3891,397,193,112,68,59,23,37,24,37,656,149,589,145,0,15,67,55,0,15,0,15
14000US42101021100,"Census Tract 211, Philadelphia, PA",2329,194,181,56,161,54,11,17,9,14,0,10,0,10,1811,197,1578,218,29,21,114,82,47,49,43,51,337,120,320,119,0,10,17,18,0,10,0,10
14000US42101021200,"Census Tract 212, Philadelphia, PA",2244,229,301,107,245,125,0,10,56,69,0,10,0,10,1696,193,1221,177,125,101,328,161,22,26,0,10,247,60,221,57,5,13,0,10,21,34,0,10
14000US42101021300,"Census Tract 213, Philadelphia, PA",3337,311,290,132,290,132,0,10,0,10,0,10,0,10,2669,245,2468,256,120,91,42,37,39,49,0,10,378,68,352,70,18,27,8,13,0,10,0,10
14000US42101021400,"Census Tract 214, Philadelphia, PA",3810,380,190,65,153,80,37,48,0,10,0,10,0,10,3325,325,3067,351,109,67,101,106,24,27,24,26,295,97,284,98,11,19,0,10,0,10,0,10
14000US42101021500,"Census Tract 215, Philadelphia, PA",3652,272,276,106,276,106,0,10,0,10,0,10,0,10,3019,246,2712,246,61,50,46,43,91,122,109,90,357,55,357,55,0,10,0,10,0,10,0,10
14000US42101021600,"Census Tract 216, Philadelphia, PA",2275,193,162,42,162,42,0,10,0,10,0,10,0,10,1804,184,1517,170,18,18,90,49,94,80,85,111,309,74,305,74,4,6,0,10,0,10,0,10
14000US42101021700,"Census Tract 217, Philadelphia, PA",5410,343,580,210,580,210,0,15,0,15,0,15,0,15,3698,261,3467,279,115,99,10,20,102,86,4,10,1132,136,1042,177,0,15,71,99,0,15,19,26
14000US42101021800,"Census Tract 218, Philadelphia, PA",4594,412,524,191,524,191,0,15,0,15,0,15,0,15,3463,433,3215,463,73,91,128,154,32,43,15,25,607,87,607,87,0,15,0,15,0,15,0,15
14000US42101021900,"Census Tract 219, Philadelphia, PA",1367,113,139,26,132,27,0,10,0,10,7,10,0,10,971,105,903,104,44,42,14,13,10,11,0,10,257,53,257,53,0,10,0,10,0,10,0,10
14000US42101022000,"Census Tract 220, Philadelphia, PA",1474,128,116,35,97,36,11,16,0,10,8,12,0,10,703,131,652,129,31,30,6,9,14,17,0,10,655,121,595,115,31,25,24,26,0,10,5,8
14000US42101023100,"Census Tract 231, Philadelphia, PA",1190,97,210,38,200,39,10,11,0,10,0,10,0,10,716,57,644,56,35,24,32,28,5,8,0,10,264,56,236,51,0,10,24,24,4,7,0,10
14000US42101023500,"Census Tract 235, Philadelphia, PA",1183,209,158,85,148,85,0,10,10,16,0,10,0,10,766,118,691,120,23,35,47,40,5,8,0,10,259,76,255,76,0,10,0,10,0,10,4,7
14000US42101023600,"Census Tract 236, Philadelphia, PA",2305,198,325,97,325,97,0,10,0,10,0,10,0,10,1296,135,1125,148,32,44,70,49,21,32,48,62,684,95,666,96,9,21,9,20,0,10,0,10
14000US42101023700,"Census Tract 237, Philadelphia, PA",4179,547,498,223,480,225,2,4,0,10,16,29,0,10,2811,425,2550,423,166,87,67,61,28,42,0,10,870,210,813,208,7,14,13,29,37,48,0,10
14000US42101023800,"Census Tract 238, Philadelphia, PA",4336,560,334,150,246,123,78,99,10,17,0,10,0,10,3278,528,3047,531,96,98,55,58,7,16,73,82,724,188,719,187,5,10,0,10,0,10,0,10
14000US42101023900,"Census Tract 239, Philadelphia, PA",1539,188,18,29,18,29,0,10,0,10,0,10,0,10,1140,168,867,165,57,53,19,29,151,102,46,50,381,92,359,89,9,14,13,19,0,10,0,10
14000US42101024000,"Census Tract 240, Philadelphia, PA",3389,407,447,154,426,155,12,15,9,16,0,10,0,10,2485,364,2186,340,162,86,53,40,59,42,25,40,457,92,359,82,55,54,43,37,0,10,0,10
14000US42101024100,"Census Tract 241, Philadelphia, PA",1434,200,94,68,94,68,0,10,0,10,0,10,0,10,813,156,758,146,21,25,12,19,9,23,13,20,527,142,516,129,11,25,0,10,0,10,0,10
14000US42101024200,"Census Tract 242, Philadelphia, PA",3716,521,734,291,734,291,0,10,0,10,0,10,0,10,2501,377,2386,377,51,55,25,27,39,41,0,10,481,141,455,137,26,36,0,10,0,10,0,10
14000US42101024300,"Census Tract 243, Philadelphia, PA",3607,529,759,312,672,308,0,10,32,48,0,10,55,46,2344,282,2169,276,33,44,31,46,25,27,86,84,504,92,492,99,0,10,12,19,0,10,0,10
14000US42101024400,"Census Tract 244, Philadelphia, PA",2986,592,792,291,792,291,0,10,0,10,0,10,0,10,1896,369,1880,367,0,10,1,3,0,10,15,24,298,77,298,77,0,10,0,10,0,10,0,10
14000US42101024500,"Census Tract 245, Philadelphia, PA",3621,540,839,282,822,282,0,10,0,10,0,10,17,30,2288,375,2160,363,79,83,9,13,40,42,0,10,494,112,476,112,0,10,18,28,0,10,0,10
14000US42101024600,"Census Tract 246, Philadelphia, PA",2392,435,546,184,472,178,74,75,0,10,0,10,0,10,1504,313,1376,323,114,98,0,10,14,21,0,10,342,113,305,106,24,40,13,19,0,10,0,10
14000US42101024700,"Census Tract 247, Philadelphia, PA",4135,673,681,235,681,235,0,10,0,10,0,10,0,10,2920,580,2812,574,17,22,0,10,28,20,63,85,534,111,514,112,17,19,3,6,0,10,0,10
14000US42101024800,"Census Tract 248, Philadelphia, PA",2125,324,560,166,560,166,0,10,0,10,0,10,0,10,1237,224,1162,223,55,73,20,26,0,10,0,10,328,52,328,52,0,10,0,10,0,10,0,10
14000US42101024900,"Census Tract 249, Philadelphia, PA",2574,333,324,158,324,158,0,10,0,10,0,10,0,10,1733,295,1731,295,2,5,0,10,0,10,0,10,517,173,517,173,0,10,0,10,0,10,0,10
14000US42101025200,"Census Tract 252, Philadelphia, PA",6884,832,1195,372,1044,356,151,158,0,15,0,15,0,15,4531,586,4359,598,163,102,9,16,0,15,0,15,1158,239,1158,239,0,15,0,15,0,15,0,15
14000US42101025300,"Census Tract 253, Philadelphia, PA",4101,412,687,181,628,184,0,10,0,10,34,54,25,38,2983,314,2813,327,23,28,52,49,71,77,24,37,431,102,421,101,10,15,0,10,0,10,0,10
14000US42101025400,"Census Tract 254, Philadelphia, PA",3918,415,518,157,435,142,83,88,0,10,0,10,0,10,2541,315,2354,320,121,81,57,68,9,14,0,10,859,223,798,221,0,10,52,57,9,14,0,10
14000US42101025500,"Census Tract 255, Philadelphia, PA",2574,253,292,104,292,104,0,10,0,10,0,10,0,10,1803,222,1681,221,65,77,24,35,16,25,17,26,479,78,410,74,11,18,0,10,32,50,26,37
14000US42101025600,"Census Tract 256, Philadelphia, PA",2766,257,328,128,328,128,0,10,0,10,0,10,0,10,1754,178,1673,179,0,10,67,45,0,10,14,21,684,135,659,132,18,26,7,12,0,10,0,10
14000US42101025700,"Census Tract 257, Philadelphia, PA",3711,361,370,156,226,123,104,98,0,10,40,52,0,10,2579,283,2162,334,177,126,69,41,142,102,29,32,762,149,736,145,0,10,26,29,0,10,0,10
14000US42101025800,"Census Tract 258, Philadelphia, PA",1707,134,219,69,213,69,0,10,6,9,0,10,0,10,1021,119,975,124,0,10,25,34,0,10,21,30,467,56,461,56,0,10,6,10,0,10,0,10
14000US42101025900,"Census Tract 259, Philadelphia, PA",4232,516,659,281,639,278,20,31,0,10,0,10,0,10,2761,338,2658,370,0,10,0,10,23,46,80,94,812,176,800,176,0,10,12,23,0,10,0,10
14000US42101026000,"Census Tract 260, Philadelphia, PA",2953,274,352,140,307,139,10,17,0,10,0,10,35,43,1982,221,1830,236,23,33,15,27,10,15,104,103,619,97,537,100,25,32,13,21,0,10,44,54
14000US42101026100,"Census Tract 261, Philadelphia, PA",3004,342,375,144,375,144,0,10,0,10,0,10,0,10,1744,234,1639,249,28,37,77,68,0,10,0,10,885,92,809,98,30,46,46,53,0,10,0,10
14000US42101026200,"Census Tract 262, Philadelphia, PA",3657,415,497,197,485,205,12,22,0,10,0,10,0,10,2177,378,1970,363,51,79,156,243,0,10,0,10,983,155,916,144,0,10,32,30,7,12,28,42
14000US42101026301,"Census Tract 263.01, Philadelphia, PA",3242,336,370,101,370,101,0,10,0,10,0,10,0,10,1977,321,1923,317,19,23,35,41,0,10,0,10,895,138,885,138,0,10,9,14,1,3,0,10
14000US42101026302,"Census Tract 263.02, Philadelphia, PA",4794,618,744,326,716,314,28,44,0,10,0,10,0,10,2707,507,2677,501,0,10,30,47,0,10,0,10,1343,338,1321,337,22,36,0,10,0,10,0,10
14000US42101026400,"Census Tract 264, Philadelphia, PA",5497,599,786,246,746,333,0,15,40,148,0,15,0,15,3261,484,3144,472,63,67,54,79,0,15,0,15,1450,307,1401,311,0,15,10,17,0,15,39,63
14000US42101026500,"Census Tract 265, Philadelphia, PA",4893,632,1073,316,1035,308,26,32,12,20,0,15,0,15,3179,498,3046,502,31,36,102,113,0,15,0,15,641,103,641,103,0,15,0,15,0,15,0,15
14000US42101026600,"Census Tract 266, Philadelphia, PA",6059,676,1069,337,1069,337,0,15,0,15,0,15,0,15,3898,548,3400,485,120,113,70,106,0,15,308,428,1092,191,1061,193,0,15,31,38,0,15,0,15
14000US42101026700,"Census Tract 267, Philadelphia, PA",6572,731,1119,429,1061,406,0,15,0,15,0,15,58,100,4380,468,4160,474,15,32,0,15,0,15,205,209,1073,203,1073,203,0,15,0,15,0,15,0,15
14000US42101026800,"Census Tract 268, Philadelphia, PA",3878,510,376,207,315,190,43,67,18,27,0,10,0,10,2634,302,2197,287,249,169,56,47,82,64,50,49,868,184,790,192,7,15,0,10,31,37,40,38
14000US42101026900,"Census Tract 269, Philadelphia, PA",2090,240,301,138,284,141,0,10,0,10,17,34,0,10,1270,212,1146,242,89,62,7,10,16,32,12,19,519,109,422,85,75,51,16,15,0,10,6,13
14000US42101027000,"Census Tract 270, Philadelphia, PA",2549,287,383,119,360,120,9,17,0,10,0,10,14,22,1709,185,1468,197,53,43,51,40,88,59,49,40,457,92,362,59,26,30,15,22,54,58,0,10
14000US42101027100,"Census Tract 271, Philadelphia, PA",2657,225,399,84,301,64,29,43,12,18,57,42,0,10,1819,208,1127,188,171,116,185,144,324,104,12,18,439,72,191,53,58,44,56,44,128,66,6,8
14000US42101027200,"Census Tract 272, Philadelphia, PA",4177,395,628,171,617,170,0,10,11,17,0,10,0,10,2998,334,2482,369,263,154,37,50,216,142,0,10,551,91,453,111,25,26,26,39,47,49,0,10
14000US42101027300,"Census Tract 273, Philadelphia, PA",5660,599,1269,422,1146,436,0,15,21,44,102,102,0,15,3927,441,2628,436,155,137,123,145,763,274,258,208,464,182,300,195,91,88,15,24,58,85,0,15
14000US42101027401,"Census Tract 274.01, Philadelphia, PA",2960,451,222,160,142,160,28,43,13,21,39,49,0,10,2166,406,1181,353,389,170,172,135,424,260,0,10,572,177,288,171,111,107,33,54,140,48,0,10
14000US42101027402,"Census Tract 274.02, Philadelphia, PA",6548,1085,1763,671,966,457,502,542,0,15,36,63,259,402,4254,600,2415,499,1409,609,172,150,168,156,90,140,531,188,241,134,184,200,0,15,106,90,0,15
14000US42101027500,"Census Tract 275, Philadelphia, PA",4694,474,1140,287,948,291,93,85,20,26,79,55,0,15,3052,340,2351,343,322,168,176,154,203,83,0,15,502,141,276,83,78,55,70,96,78,53,0,15
14000US42101027600,"Census Tract 276, Philadelphia, PA",3917,366,659,223,562,195,0,10,29,46,0,10,68,108,2785,285,2524,291,31,49,76,68,0,10,154,140,473,69,446,81,0,10,0,10,0,10,27,39
14000US42101027700,"Census Tract 277, Philadelphia, PA",4827,602,786,268,771,269,15,25,0,10,0,10,0,10,2930,462,2793,460,49,79,0,10,35,44,53,59,1111,181,927,189,24,35,48,70,112,67,0,10
14000US42101027800,"Census Tract 278, Philadelphia, PA",4214,503,921,341,921,341,0,10,0,10,0,10,0,10,2592,342,2308,332,15,24,38,62,18,26,213,198,701,141,641,133,33,42,0,10,19,30,8,17
14000US42101027901,"Census Tract 279.01, Philadelphia, PA",3845,491,651,188,617,192,34,54,0,10,0,10,0,10,2656,446,2490,408,74,72,81,131,0,10,11,17,538,108,509,110,9,14,0,10,0,10,20,31
14000US42101027902,"Census Tract 279.02, Philadelphia, PA",3975,410,326,146,304,142,19,21,0,10,0,10,3,7,3321,392,2952,399,127,84,78,42,127,60,37,35,328,71,323,66,0,10,2,6,3,6,0,10
14000US42101028000,"Census Tract 280, Philadelphia, PA",3897,416,647,231,647,231,0,10,0,10,0,10,0,10,2298,347,2222,364,47,55,0,10,0,10,29,33,952,185,951,185,0,10,0,10,1,4,0,10
14000US42101028100,"Census Tract 281, Philadelphia, PA",3987,589,826,348,619,252,129,140,0,10,0,10,78,111,2620,415,2271,438,121,128,59,72,29,47,140,202,541,93,519,99,0,10,12,21,10,15,0,10
14000US42101028200,"Census Tract 282, Philadelphia, PA",4682,758,720,482,657,489,23,36,40,73,0,15,0,15,3127,724,1882,648,769,670,139,152,337,213,0,15,835,210,703,192,0,15,11,23,121,97,0,15
14000US42101028300,"Census Tract 283, Philadelphia, PA",6300,849,1404,401,1377,402,0,15,0,15,0,15,27,41,4201,710,3732,715,200,173,73,117,171,201,25,38,695,243,489,174,0,15,86,136,120,59,0,15
14000US42101028400,"Census Tract 284, Philadelphia, PA",3623,476,889,279,749,285,63,67,19,22,58,68,0,10,2310,357,2022,363,137,94,27,35,107,125,17,28,424,78,308,81,79,64,24,38,13,21,0,10
14000US42101028500,"Census Tract 285, Philadelphia, PA",2334,308,543,207,363,168,180,107,0,10,0,10,0,10,1492,232,806,240,484,106,0,10,194,75,8,14,299,80,224,74,26,29,4,7,45,29,0,10
14000US42101028600,"Census Tract 286, Philadelphia, PA",6333,1042,1644,634,1248,592,296,240,0,15,100,103,0,15,4209,674,2922,674,793,244,247,344,228,132,19,33,480,137,404,122,0,15,0,15,76,83,0,15
14000US42101028700,"Census Tract 287, Philadelphia, PA",2323,294,619,212,389,188,230,130,0,10,0,10,0,10,1532,195,611,191,833,263,62,77,26,40,0,10,172,67,27,34,145,66,0,10,0,10,0,10
14000US42101028800,"Census Tract 288, Philadelphia, PA",4374,478,1081,278,455,245,457,221,25,38,131,110,13,70,2970,286,872,320,1588,331,22,32,403,246,85,98,323,136,76,60,185,141,36,41,26,32,0,10
14000US42101028901,"Census Tract 289.01, Philadelphia, PA",3465,392,598,201,243,146,324,185,31,66,0,10,0,10,2590,309,758,223,1475,336,57,122,300,232,0,10,277,62,102,44,129,72,0,10,46,48,0,10
14000US42101028902,"Census Tract 289.02, Philadelphia, PA",6199,773,1527,534,374,182,1025,483,15,27,101,94,12,25,4352,576,1873,475,1949,465,64,78,443,185,23,47,320,125,113,65,134,93,0,15,73,60,0,15
14000US42101029000,"Census Tract 290, Philadelphia, PA",7061,974,1737,714,804,621,659,380,244,289,30,49,0,15,4673,732,2251,519,1852,564,256,234,314,158,0,15,651,258,347,202,39,64,83,100,182,143,0,15
14000US42101029100,"Census Tract 291, Philadelphia, PA",4711,427,980,212,425,186,355,155,0,15,200,97,0,15,3312,330,1190,280,1149,327,58,104,771,196,144,191,419,133,163,106,41,47,0,15,195,117,20,32
14000US42101029200,"Census Tract 292, Philadelphia, PA",4352,525,968,397,561,461,388,255,0,10,10,20,9,16,2964,387,1262,370,1478,462,119,94,52,48,53,60,420,82,171,91,103,63,82,89,57,53,7,14
14000US42101029300,"Census Tract 293, Philadelphia, PA",2740,369,773,198,498,194,256,183,0,10,0,10,19,29,1715,240,868,272,796,273,24,38,0,10,27,34,252,90,178,63,74,77,0,10,0,10,0,10
14000US42101029400,"Census Tract 294, Philadelphia, PA",3322,404,737,247,374,160,180,155,10,18,150,144,23,34,2259,302,1404,371,597,252,94,114,164,194,0,10,326,86,268,69,49,44,9,14,0,10,0,10
14000US42101029800,"Census Tract 298, Philadelphia, PA",4416,430,1135,306,724,275,369,162,27,31,15,24,0,10,2923,250,2007,300,755,201,106,82,55,49,0,10,358,89,306,89,13,20,39,39,0,10,0,10
14000US42101029900,"Census Tract 299, Philadelphia, PA",4018,476,1112,292,911,270,169,122,32,50,0,10,0,10,2563,327,1818,302,726,186,19,30,0,10,0,10,343,103,200,66,106,78,37,37,0,10,0,10
14000US42101030000,"Census Tract 300, Philadelphia, PA",6956,952,1721,363,1121,333,428,208,126,211,0,15,46,73,4424,682,3352,697,635,273,133,128,160,146,144,149,811,204,699,198,82,110,0,15,30,34,0,15
14000US42101030100,"Census Tract 301, Philadelphia, PA",5575,718,1409,346,1315,365,73,86,21,34,0,15,0,15,3797,660,3187,663,560,175,0,15,50,89,0,15,369,109,234,126,104,84,0,15,15,24,16,36
14000US42101030200,"Census Tract 302, Philadelphia, PA",8385,1009,1828,427,1156,441,419,265,45,64,15,24,193,233,5743,777,3457,857,1522,545,563,426,174,184,27,45,814,218,469,166,227,169,81,76,0,15,37,62
14000US42101030501,"Census Tract 305.01, Philadelphia, PA",5541,658,1532,445,1009,339,320,377,74,61,0,15,129,152,3656,416,2438,516,559,294,397,266,177,86,85,86,353,86,202,84,38,40,74,54,39,26,0,15
14000US42101030502,"Census Tract 305.02, Philadelphia, PA",6663,535,1695,304,961,244,452,282,145,142,126,59,11,18,4374,400,2537,451,852,281,561,276,218,66,206,122,594,113,337,83,83,66,92,83,50,55,32,32
14000US42101030600,"Census Tract 306, Philadelphia, PA",6569,693,1213,410,937,389,177,114,48,77,51,30,0,15,4333,384,2613,367,981,294,199,180,540,303,0,15,1023,216,804,221,124,96,74,49,21,58,0,15
14000US42101030700,"Census Tract 307, Philadelphia, PA",3637,494,656,218,427,190,84,135,103,68,42,57,0,10,2581,318,1675,299,277,159,409,177,200,163,20,23,400,104,188,73,36,32,151,112,25,36,0,10
14000US42101030800,"Census Tract 308, Philadelphia, PA",5126,473,1070,261,471,160,57,48,149,132,46,68,347,364,3351,351,1558,307,647,164,329,187,500,117,317,216,705,127,487,91,0,15,33,31,113,101,72,83
14000US42101030900,"Census Tract 309, Philadelphia, PA",4213,519,945,237,575,143,89,82,138,93,129,193,14,37,2881,463,1352,248,815,539,421,232,261,167,32,45,387,95,227,108,81,80,35,29,44,45,0,10
14000US42101031000,"Census Tract 310, Philadelphia, PA",7140,838,1393,271,987,282,102,111,28,37,183,107,93,85,5137,711,2401,639,748,198,804,351,743,267,441,484,610,134,211,128,16,31,275,161,108,106,0,15
14000US42101031101,"Census Tract 311.01, Philadelphia, PA",4745,518,1242,255,796,222,211,141,101,78,58,67,76,121,3036,381,1750,343,668,204,330,168,119,80,169,131,467,106,293,103,45,46,97,70,14,21,18,29
14000US42101031102,"Census Tract 311.02, Philadelphia, PA",4022,432,927,264,576,223,198,175,42,68,68,58,43,71,2759,322,1202,316,784,383,396,280,249,138,128,105,336,63,223,82,71,55,22,31,20,25,0,10
14000US42101031200,"Census Tract 312, Philadelphia, PA",4584,559,854,259,586,251,66,64,74,96,49,32,79,76,2921,457,1515,334,842,355,159,113,287,118,118,82,809,342,558,304,128,103,106,103,0,15,17,26
14000US42101031300,"Census Tract 313, Philadelphia, PA",7137,558,1676,421,825,319,221,161,441,209,144,150,45,74,4605,436,1706,404,975,334,1021,300,730,186,173,140,856,274,371,129,141,127,100,88,176,121,68,111
14000US42101031401,"Census Tract 314.01, Philadelphia, PA",6283,726,1246,289,417,196,192,120,349,186,162,93,126,138,4642,569,1577,416,984,519,1014,353,874,240,193,137,395,79,255,97,17,26,80,73,43,52,0,15
14000US42101031402,"Census Tract 314.02, Philadelphia, PA",5465,429,1189,261,478,158,408,223,11,18,269,137,23,34,3735,321,1286,271,857,313,113,91,1393,256,86,68,541,90,426,92,22,25,71,54,22,20,0,15
14000US42101031501,"Census Tract 315.01, Philadelphia, PA",6031,668,1230,508,416,267,29,48,0,15,567,455,218,357,4003,391,2380,513,467,336,311,230,701,401,144,236,798,232,676,225,28,48,15,23,79,73,0,15
14000US42101031502,"Census Tract 315.02, Philadelphia, PA",4021,411,656,134,404,126,43,52,56,66,112,64,41,55,2933,353,1423,294,400,194,553,349,468,149,89,78,432,78,396,74,5,13,0,10,31,28,0,10
14000US42101031600,"Census Tract 316, Philadelphia, PA",5513,836,1217,403,794,422,245,130,39,60,139,137,0,15,3590,640,2269,408,438,209,510,602,335,144,38,64,706,235,567,188,0,15,37,39,102,124,0,15
14000US42101031700,"Census Tract 317, Philadelphia, PA",4975,683,823,365,591,322,83,74,0,15,94,116,55,85,3494,481,2251,532,846,308,36,43,149,125,212,195,658,210,577,169,45,56,0,15,36,65,0,15
14000US42101031800,"Census Tract 318, Philadelphia, PA",3834,605,871,275,487,217,246,216,48,45,30,42,60,70,2573,506,1419,381,587,287,260,199,100,93,207,245,390,67,227,81,125,64,25,29,13,22,0,10
14000US42101031900,"Census Tract 319, Philadelphia, PA",5257,560,1057,273,927,276,67,48,13,20,10,16,40,64,3697,493,2367,470,828,403,287,203,197,185,18,28,503,53,427,72,12,18,55,40,9,13,0,15
14000US42101032000,"Census Tract 320, Philadelphia, PA",6667,690,1766,521,1137,436,381,236,226,200,0,15,22,35,4304,377,2909,392,1090,246,186,155,80,140,39,66,597,142,539,147,0,15,58,77,0,15,0,15
14000US42101032100,"Census Tract 321, Philadelphia, PA",3721,552,1127,446,721,151,332,420,29,46,38,48,7,15,2297,240,1787,226,373,147,26,43,105,125,6,9,297,104,277,100,6,12,14,21,0,10,0,10
14000US42101032300,"Census Tract 323, Philadelphia, PA",3444,383,651,228,602,242,49,47,0,10,0,10,0,10,2456,275,1924,278,461,132,42,70,0,10,29,28,337,79,305,72,23,34,9,14,0,10,0,10
14000US42101032500,"Census Tract 325, Philadelphia, PA",5641,626,1163,272,1083,254,80,78,0,15,0,15,0,15,3711,485,2753,437,427,251,171,166,313,260,47,74,767,150,500,176,72,80,80,87,115,122,0,15
14000US42101032600,"Census Tract 326, Philadelphia, PA",6834,820,1239,393,695,284,374,221,62,92,108,162,0,15,4783,571,3176,577,598,472,409,387,363,248,237,323,812,142,713,154,11,29,53,54,35,59,0,15
14000US42101032900,"Census Tract 329, Philadelphia, PA",3588,357,643,189,474,150,120,143,49,71,0,10,0,10,2570,288,1720,260,444,286,274,217,119,86,13,23,375,99,270,69,56,76,10,17,39,43,0,10
14000US42101033000,"Census Tract 330, Philadelphia, PA",7617,934,1550,390,1230,421,271,274,0,15,49,60,0,15,5346,736,3827,681,962,507,252,189,261,220,44,75,721,109,603,95,71,83,47,45,0,15,0,15
14000US42101033101,"Census Tract 331.01, Philadelphia, PA",4608,501,828,214,719,198,76,68,0,15,0,15,33,53,3211,380,2774,377,214,122,63,80,116,82,44,51,569,71,544,67,0,15,15,22,10,15,0,15
14000US42101033102,"Census Tract 331.02, Philadelphia, PA",3620,357,501,168,442,159,24,35,35,33,0,10,0,10,2657,289,2183,278,98,51,225,156,22,34,129,140,462,98,399,100,24,34,30,26,9,15,0,10
14000US42101033200,"Census Tract 332, Philadelphia, PA",2788,212,663,115,371,133,87,59,101,92,91,88,13,21,1830,153,1017,204,215,128,244,124,327,151,27,30,295,54,253,49,0,10,16,20,12,17,14,22
14000US42101033300,"Census Tract 333, Philadelphia, PA",3853,296,385,117,301,132,39,57,14,21,31,35,0,10,2112,189,1494,234,255,259,211,142,109,80,43,57,1356,138,1076,134,67,59,145,62,63,63,5,12
14000US42101033400,"Census Tract 334, Philadelphia, PA",5168,595,809,322,532,246,8,18,197,147,65,61,7,13,3246,344,1707,300,130,92,1029,301,321,220,59,66,1113,194,626,177,67,51,357,133,38,57,25,24
14000US42101033500,"Census Tract 335, Philadelphia, PA",3554,397,529,170,140,88,95,94,230,100,41,51,23,34,2427,269,1135,205,330,187,532,217,306,158,124,121,598,126,310,86,53,38,195,154,40,34,0,10
14000US42101033600,"Census Tract 336, Philadelphia, PA",6364,398,822,231,348,257,89,123,80,90,39,45,266,203,4688,310,2866,375,477,217,451,199,160,127,734,334,854,175,543,167,121,124,134,94,56,80,0,15
14000US42101033701,"Census Tract 337.01, Philadelphia, PA",6325,855,1283,376,1080,398,54,93,60,78,18,30,71,125,3863,665,2065,586,401,147,711,378,184,124,502,299,1179,192,487,200,184,194,401,159,45,54,62,104
14000US42101033702,"Census Tract 337.02, Philadelphia, PA",4742,385,880,161,640,118,51,43,0,10,189,104,0,10,2865,260,1486,320,135,86,440,268,682,268,122,160,997,162,740,187,63,101,101,79,13,28,80,101
14000US42101033800,"Census Tract 338, Philadelphia, PA",5991,564,1082,256,726,259,67,75,265,196,0,15,24,44,3830,451,2332,385,586,193,798,356,90,103,24,43,1079,195,888,186,65,101,105,68,21,33,0,15
14000US42101033900,"Census Tract 339, Philadelphia, PA",2930,161,502,97,367,105,0,10,56,69,65,68,14,22,2004,159,1434,181,130,66,100,64,234,171,106,124,424,75,378,87,10,15,28,41,8,12,0,10
14000US42101034000,"Census Tract 340, Philadelphia, PA",2925,194,579,115,468,135,39,44,0,10,72,58,0,10,1711,134,1332,175,158,71,81,55,109,85,31,46,635,143,436,133,31,35,168,104,0,10,0,10
14000US42101034100,"Census Tract 341, Philadelphia, PA",5500,588,886,396,849,384,0,15,0,15,37,59,0,15,3748,374,3149,398,31,34,241,188,327,274,0,15,866,116,768,111,25,60,32,40,41,54,0,15
14000US42101034200,"Census Tract 342, Philadelphia, PA",3178,214,421,125,354,127,21,31,46,51,0,10,0,10,1703,184,1413,241,29,28,93,66,39,43,129,123,1054,118,996,112,8,18,50,50,0,10,0,10
14000US42101034400,"Census Tract 344, Philadelphia, PA",7545,441,1073,154,838,161,69,62,99,100,67,88,0,15,4531,332,2967,436,166,114,774,351,624,254,0,15,1941,174,1480,209,36,52,167,96,258,142,0,15
14000US42101034501,"Census Tract 345.01, Philadelphia, PA",3919,405,468,111,400,107,0,10,68,60,0,10,0,10,2248,422,1183,249,398,393,448,186,184,111,35,36,1203,164,635,139,110,108,388,133,30,35,40,49
14000US42101034502,"Census Tract 345.02, Philadelphia, PA",5168,376,912,241,485,244,37,63,278,125,24,33,88,78,3248,257,1486,273,144,136,1006,275,168,133,444,228,1008,163,522,200,0,15,343,183,107,107,36,56
14000US42101034600,"Census Tract 346, Philadelphia, PA",2400,322,288,137,212,138,0,10,36,37,25,38,15,23,1747,231,1177,252,194,112,212,99,124,82,40,44,365,119,288,117,25,28,47,38,5,10,0,10
14000US42101034701,"Census Tract 347.01, Philadelphia, PA",6366,499,809,219,477,259,14,22,217,122,12,24,89,81,4389,400,2496,398,316,279,995,508,281,165,301,202,1168,99,822,169,70,63,179,149,82,67,15,24
14000US42101034702,"Census Tract 347.02, Philadelphia, PA",3492,199,418,106,361,100,44,33,0,10,0,10,13,19,2461,157,1768,205,297,110,77,59,294,159,25,36,613,81,502,94,0,10,68,44,43,57,0,10
14000US42101034801,"Census Tract 348.01, Philadelphia, PA",4451,236,680,126,583,128,38,41,31,44,28,43,0,10,2719,237,2267,258,172,186,170,120,81,95,29,46,1052,112,989,112,12,19,0,10,51,64,0,10
14000US42101034802,"Census Tract 348.02, Philadelphia, PA",5226,434,1108,156,859,240,168,184,17,28,0,15,64,109,3365,425,2877,421,270,177,124,104,0,15,94,99,753,148,620,178,0,15,46,53,87,124,0,15
14000US42101034803,"Census Tract 348.03, Philadelphia, PA",3962,281,428,93,311,87,82,78,35,30,0,10,0,10,2680,262,1984,314,372,298,301,196,23,28,0,10,854,89,767,91,45,47,33,29,0,10,9,15
14000US42101034900,"Census Tract 349, Philadelphia, PA",4971,794,551,284,304,197,160,177,0,15,50,80,37,60,3655,599,2817,551,671,330,42,53,125,147,0,15,765,153,730,154,15,24,15,27,5,16,0,15
14000US42101035100,"Census Tract 351, Philadelphia, PA",4069,344,314,89,314,89,0,10,0,10,0,10,0,10,2294,301,1953,298,59,55,66,45,158,144,58,71,1461,206,1345,196,7,14,81,85,28,43,0,10
14000US42101035200,"Census Tract 352, Philadelphia, PA",4535,330,657,156,596,161,29,33,10,16,22,25,0,10,2851,272,2538,259,104,74,100,60,96,109,13,24,1027,95,976,102,4,8,26,23,21,22,0,10
14000US42101035301,"Census Tract 353.01, Philadelphia, PA",5091,347,869,187,869,187,0,15,0,15,0,15,0,15,3444,341,2954,419,175,126,240,260,75,61,0,15,778,136,688,133,25,27,36,31,29,27,0,15
14000US42101035302,"Census Tract 353.02, Philadelphia, PA",4110,279,578,142,578,142,0,10,0,10,0,10,0,10,2704,225,2408,218,82,69,125,79,38,70,51,65,828,172,777,175,29,25,20,23,2,18,0,10
14000US42101035500,"Census Tract 355, Philadelphia, PA",7453,517,1175,200,661,238,21,34,239,155,48,79,206,178,4745,409,2653,491,84,65,1344,399,342,276,322,240,1533,182,924,184,11,23,509,175,89,61,0,15
14000US42101035601,"Census Tract 356.01, Philadelphia, PA",5067,529,513,143,313,159,0,15,114,98,60,68,26,47,2821,393,1350,406,72,83,942,372,444,280,13,23,1733,268,933,223,0,15,699,224,101,89,0,15
14000US42101035602,"Census Tract 356.02, Philadelphia, PA",3489,211,522,112,447,136,16,23,36,37,23,36,0,10,2325,172,1545,189,42,32,379,151,335,93,24,36,642,89,451,109,23,23,68,57,100,60,0,10
14000US42101035701,"Census Tract 357.01, Philadelphia, PA",4610,310,738,167,151,84,28,45,183,103,371,155,5,9,3065,263,787,246,188,124,903,238,1088,256,99,88,807,139,357,107,0,10,345,128,105,78,0,10
14000US42101035702,"Census Tract 357.02, Philadelphia, PA",3821,349,604,183,104,61,88,109,272,156,128,121,12,19,2734,227,779,185,63,41,1421,244,401,214,70,82,483,119,188,74,0,10,202,98,93,64,0,10
14000US42101035800,"Census Tract 358, Philadelphia, PA",6392,473,890,310,564,269,0,15,269,227,57,96,0,15,3887,365,1409,447,76,72,1757,605,620,293,25,40,1615,196,656,160,38,36,835,286,86,79,0,15
14000US42101035900,"Census Tract 359, Philadelphia, PA",5279,363,653,153,514,157,51,80,35,44,53,70,0,15,3244,331,2104,307,283,200,534,273,307,140,16,27,1382,199,633,159,0,15,607,206,142,78,0,15
14000US42101036000,"Census Tract 360, Philadelphia, PA",3264,223,346,95,147,74,16,23,110,68,73,62,0,10,1861,160,911,222,16,23,426,224,496,137,12,19,1057,135,695,144,26,27,210,108,126,61,0,10
14000US42101036100,"Census Tract 361, Philadelphia, PA",3531,299,485,149,431,142,54,47,0,10,0,10,0,10,2679,235,1886,258,297,148,354,210,44,49,98,117,367,110,350,108,0,10,0,10,17,27,0,10
14000US42101036201,"Census Tract 362.01, Philadelphia, PA",4746,434,513,210,507,210,6,9,0,15,0,15,0,15,3365,330,2997,335,161,107,159,142,9,15,39,39,868,96,712,95,58,67,90,91,0,15,8,13
14000US42101036202,"Census Tract 362.02, Philadelphia, PA",5862,527,1056,216,934,216,71,90,51,60,0,15,0,15,3656,375,3121,344,320,193,186,161,29,49,0,15,1150,125,1097,126,0,15,49,55,4,18,0,15
14000US42101036203,"Census Tract 362.03, Philadelphia, PA",4665,235,753,181,680,178,41,49,32,53,0,15,0,15,3032,165,2771,189,110,119,93,73,58,62,0,15,880,107,763,93,45,61,72,68,0,15,0,15
14000US42101036301,"Census Tract 363.01, Philadelphia, PA",3717,306,610,98,465,121,0,10,74,76,56,65,15,21,2471,252,1754,225,148,124,241,206,251,122,77,85,636,97,527,91,0,10,26,30,83,50,0,10
14000US42101036302,"Census Tract 363.02, Philadelphia, PA",3308,333,628,169,550,195,41,44,37,55,0,10,0,10,2288,247,1698,298,233,93,342,220,0,10,15,24,392,90,321,72,14,17,43,48,0,10,14,24
14000US42101036303,"Census Tract 363.03, Philadelphia, PA",6291,443,1266,202,1210,185,0,15,56,90,0,15,0,15,3925,367,3519,349,0,15,300,253,21,33,85,101,1100,141,987,131,0,15,113,100,0,15,0,15
14000US42101036400,"Census Tract 364, Philadelphia, PA",1017,320,13,30,0,10,13,30,0,10,0,10,0,10,596,276,416,183,98,101,71,43,11,16,0,10,408,110,377,116,19,21,12,13,0,10,0,10
14000US42101036501,"Census Tract 365.01, Philadelphia, PA",4965,422,805,176,653,199,29,44,30,44,93,149,0,15,3099,311,2372,350,109,105,386,175,232,171,0,15,1061,186,834,175,7,17,194,102,13,22,13,22
14000US42101036502,"Census Tract 365.02, Philadelphia, PA",4088,226,666,146,626,146,20,24,20,26,0,10,0,10,2654,175,2407,188,83,58,120,74,44,47,0,10,768,98,605,93,10,15,115,87,25,27,13,22
14000US42101036600,"Census Tract 366, Philadelphia, PA",2395,300,68,55,28,30,13,22,0,10,27,40,0,10,1866,301,1441,286,218,150,77,55,106,62,24,37,461,151,400,141,0,10,32,40,29,32,0,10
14000US42101036700,"Census Tract 367, Philadelphia, PA",3431,395,291,195,233,143,22,24,36,55,0,10,0,10,2883,307,2482,302,100,53,256,117,45,37,0,10,257,98,247,97,0,10,10,15,0,10,0,10
14000US42101036900,"Census Tract 369, Philadelphia, PA",5787,910,53,53,53,53,0,15,0,15,0,15,0,15,5555,865,4232,668,141,70,279,91,833,289,70,43,179,81,156,83,0,15,3,6,0,15,20,30
14000US42101037200,"Census Tract 372, Philadelphia, PA",4545,308,587,143,425,146,26,38,75,70,48,43,13,22,3001,298,2030,261,59,71,205,171,672,188,35,47,957,172,691,136,0,10,107,61,159,149,0,10
14000US42101037300,"Census Tract 373, Philadelphia, PA",5409,406,689,243,595,256,0,15,19,30,75,93,0,15,3343,356,2664,313,381,286,96,91,140,110,62,59,1377,239,1252,234,0,15,101,89,24,38,0,15
14000US42101037500,"Census Tract 375, Philadelphia, PA",3429,392,552,214,521,233,30,34,1,7,0,10,0,10,2361,294,1885,325,135,73,145,99,77,51,119,80,516,113,470,121,0,10,31,28,8,13,7,12
14000US42101037600,"Census Tract 376, Philadelphia, PA",3190,424,121,75,38,47,25,38,0,10,58,55,0,10,2805,394,2018,353,228,119,126,73,422,159,11,12,264,75,224,69,0,10,0,10,40,44,0,10
14000US42101037700,"Census Tract 377, Philadelphia, PA",5120,1314,457,177,401,141,50,66,0,15,6,12,0,15,4495,1286,3579,1269,620,217,57,43,164,81,75,61,168,97,87,70,47,48,34,54,0,15,0,15
14000US42101037800,"Census Tract 378, Philadelphia, PA",2409,427,154,89,136,86,0,10,18,28,0,10,0,10,1799,438,1651,440,57,69,40,36,28,24,23,35,456,117,437,114,19,28,0,10,0,10,0,10
14000US42101037900,"Census Tract 379, Philadelphia, PA",4797,481,577,268,415,222,36,57,126,129,0,15,0,15,3223,282,2574,388,170,111,428,257,51,76,0,15,997,131,808,175,0,15,176,149,13,21,0,15
14000US42101038000,"Census Tract 380, Philadelphia, PA",2048,239,465,116,407,120,58,38,0,10,0,10,0,10,1339,184,940,193,328,126,38,37,21,34,12,18,244,66,171,62,32,37,36,41,0,10,5,8
14000US42101038100,"Census Tract 381, Philadelphia, PA",746,104,98,46,89,35,0,10,9,14,0,10,0,10,542,98,457,85,58,41,15,14,12,16,0,10,106,37,103,38,3,5,0,10,0,10,0,10
14000US42101038200,"Census Tract 382, Philadelphia, PA",2541,300,536,230,499,230,10,16,27,32,0,10,0,10,1750,231,1360,229,241,115,149,110,0,10,0,10,255,88,172,51,53,55,25,23,5,8,0,10
14000US42101038300,"Census Tract 383, Philadelphia, PA",3218,437,706,233,588,217,118,134,0,10,0,10,0,10,2283,313,1182,273,1079,239,12,18,5,10,5,10,229,84,68,54,161,75,0,10,0,10,0,10
14000US42101038400,"Census Tract 384, Philadelphia, PA",2354,136,351,70,351,70,0,10,0,10,0,10,0,10,1433,90,1377,92,13,14,13,15,20,31,10,17,570,71,558,75,0,10,6,10,6,9,0,10
14000US42101038500,"Census Tract 385, Philadelphia, PA",1775,135,193,52,193,52,0,10,0,10,0,10,0,10,1019,117,886,127,0,10,103,73,30,30,0,10,563,73,490,73,7,9,49,30,5,7,12,19
14000US42101038600,"Census Tract 386, Philadelphia, PA",1358,95,233,58,208,55,6,10,6,10,8,11,5,8,732,61,633,69,6,9,65,47,14,15,14,16,393,42,330,46,14,15,41,29,0,10,8,13
14000US42101038700,"Census Tract 387, Philadelphia, PA",2666,401,260,85,249,84,0,10,0,10,3,6,8,12,1759,337,1613,295,32,27,40,34,68,62,6,12,647,216,619,219,16,21,12,17,0,10,0,10
14000US42101038800,"Census Tract 388, Philadelphia, PA",3485,204,496,94,466,107,22,28,8,12,0,10,0,10,2135,167,2006,165,82,71,20,24,14,22,13,20,854,119,765,127,0,10,66,51,14,15,9,15
14000US42101038900,"Census Tract 389, Philadelphia, PA",3157,457,547,229,531,228,16,25,0,10,0,10,0,10,2084,369,2004,361,62,50,13,23,0,10,5,9,526,118,513,122,5,13,8,13,0,10,0,10
14000US42101039000,"Census Tract 390, Philadelphia, PA",7426,906,2000,543,1388,484,362,217,250,242,0,15,0,15,4643,505,2797,486,784,376,840,469,96,111,126,90,783,207,459,104,207,166,100,119,0,15,17,26
14000US42101980000,"Census Tract 9800, Philadelphia, PA",407,142,65,85,61,88,4,8,0,10,0,10,0,10,339,113,266,103,17,20,42,40,7,13,7,14,3,6,3,6,0,10,0,10,0,10,0,10
14000US42101980100,"Census Tract 9801, Philadelphia, PA",40,40,12,14,12,14,0,10,0,10,0,10,0,10,18,20,18,20,0,10,0,10,0,10,0,10,10,11,10,11,0,10,0,10,0,10,0,10
14000US42101980200,"Census Tract 9802, Philadelphia, PA",542,153,40,27,27,18,13,20,0,10,0,10,0,10,128,43,111,43,9,13,0,10,8,11,0,10,374,147,361,135,13,20,0,10,0,10,0,10
14000US42101980300,"Census Tract 9803, Philadelphia, PA",0,10,0,10,0,10,0,10,0,10,0,10,0,10,0,10,0,10,0,10,0,10,0,10,0,10,0,10,0,10,0,10,0,10,0,10,0,10
14000US42101980400,"Census Tract 9804, Philadelphia, PA",0,10,0,10,0,10,0,10,0,10,0,10,0,10,0,10,0,10,0,10,0,10,0,10,0,10,0,10,0,10,0,10,0,10,0,10,0,10
14000US42101980500,"Census Tract 9805, Philadelphia, PA",0,10,0,10,0,10,0,10,0,10,0,10,0,10,0,10,0,10,0,10,0,10,0,10,0,10,0,10,0,10,0,10,0,10,0,10,0,10
14000US42101980600,"Census Tract 9806, Philadelphia, PA",0,10,0,10,0,10,0,10,0,10,0,10,0,10,0,10,0,10,0,10,0,10,0,10,0,10,0,10,0,10,0,10,0,10,0,10,0,10
14000US42101980700,"Census Tract 9807, Philadelphia, PA",0,10,0,10,0,10,0,10,0,10,0,10,0,10,0,10,0,10,0,10,0,10,0,10,0,10,0,10,0,10,0,10,0,10,0,10,0,10
14000US42101980800,"Census Tract 9808, Philadelphia, PA",0,10,0,10,0,10,0,10,0,10,0,10,0,10,0,10,0,10,0,10,0,10,0,10,0,10,0,10,0,10,0,10,0,10,0,10,0,10
14000US42101980900,"Census Tract 9809, Philadelphia, PA",0,10,0,10,0,10,0,10,0,10,0,10,0,10,0,10,0,10,0,10,0,10,0,10,0,10,0,10,0,10,0,10,0,10,0,10,0,10
14000US42101989100,"Census Tract 9891, Philadelphia, PA",1811,353,31,51,23,36,5,11,0,10,0,10,3,5,1754,349,1393,282,307,98,19,23,10,13,25,25,26,24,20,27,0,10,0,10,0,10,6,10
16000US4260000,"Philadelphia, PA",1472512,43,238998,43,185465,1812,28878,1238,9198,883,10072,682,5385,957,1021240,30,773121,3536,113061,2108,57711,2605,57362,1387,19985,1799,212274,30,172204,1169,13162,463,15389,1013,9854,337,1665,348
31000US37980,"Philadelphia-Camden-Wilmington, PA-NJ-DE-MD Metro Area",5723059,194,973061,216,824149,2747,75708,1636,34202,1558,28214,1380,10788,1077,3799655,301,3144225,5131,274529,2736,183499,4043,149287,2492,48115,2744,950343,249,838556,1927,29560,745,50337,1646,26278,734,5612,563
